AC No.,AC Name,Phase,District,Male,Female,Third Gender,Total
1,MEKLIGANJ (SC),1,COOCHBEHAR,116228,108183,2,224413
2,MATHABHANGA (SC),1,COOCHBEHAR,129331,119425,1,248757
3,COOCHBEHAR UTTAR (SC),1,COOCHBEHAR,136255,126823,0,263078
4,COOCHBEHAR DAKSHIN,1,COOCHBEHAR,109394,104570,4,213968
5,SITALKUCHI (SC),1,COOCHBEHAR,151129,134416,3,285548
6,SITAI (SC),1,COOCHBEHAR,143133,129993,0,273126
7,DINHATA,1,COOCHBEHAR,143513,133778,0,277291
8,NATABARI,1,COOCHBEHAR,123248,116669,6,239923
9,TUFANGANJ,1,COOCHBEHAR,122055,115611,1,237667
10,KUMARGRAM (ST),1,ALIPURDUAR,134118,125375,3,259496
11,KALCHINI (ST),1,ALIPURDUAR,109713,111742,2,221457
12,ALIPURDUARS,1,ALIPURDUAR,123903,120423,5,244331
13,FALAKATA (SC),1,ALIPURDUAR,126099,119160,5,245264
14,MADARIHAT (ST),1,ALIPURDUAR,96262,97695,1,193958
15,DHUPGURI (SC),1,JALPAIGURI,133196,124925,6,258127
16,MAYNAGURI (SC),1,JALPAIGURI,133769,124776,0,258545
17,JALPAIGURI (SC),1,JALPAIGURI,126563,123816,2,250381
18,RAJGANJ (SC),1,JALPAIGURI,119299,111495,1,230795
19,DABGRAM-PHULBARI,1,JALPAIGURI,133222,131154,4,264380
20,MAL (ST),1,JALPAIGURI,118926,118526,0,237452
21,NAGRAKATA (ST),1,JALPAIGURI,107824,112292,2,220118
22,KALIMPONG,1,KALIMPONG,100846,100773,0,201619
23,DARJEELING,1,DARJEELING,103033,104681,2,207716
24,KURSEONG,1,DARJEELING,106014,110135,3,216152
25,MATIGARA-NAXALBARI (SC),1,DARJEELING,133571,134906,3,268480
26,SILIGURI,1,DARJEELING,99920,100844,15,200779
27,PHANSIDEWA (ST),1,DARJEELING,109526,107769,3,217298
28,CHOPRA,1,UTTAR DINAJPUR,120091,99140,5,219236
29,ISLAMPUR,1,UTTAR DINAJPUR,107891,94318,8,202217
30,GOALPOKHAR,1,UTTAR DINAJPUR,107310,92154,4,199468
31,CHAKULIA,1,UTTAR DINAJPUR,114782,101311,2,216095
32,KARANDIGHI,1,UTTAR DINAJPUR,121620,109975,4,231599
33,HEMTABAD (SC),1,UTTAR DINAJPUR,130939,115587,4,246530
34,KALIAGANJ (SC),1,UTTAR DINAJPUR,140401,127867,13,268281
35,RAIGANJ,1,UTTAR DINAJPUR,87504,86601,21,174126
36,ITAHAR,1,UTTAR DINAJPUR,110488,100929,5,211422
37,KUSHMUNDI (SC),1,DAKSHIN DINAJPUR,108310,97553,4,205867
38,KUMARGANJ,1,DAKSHIN DINAJPUR,93373,87008,4,180385
39,BALURGHAT,1,DAKSHIN DINAJPUR,84215,82683,14,166912
40,TAPAN (ST),1,DAKSHIN DINAJPUR,99485,95426,3,194914
41,GANGARAMPUR (SC),1,DAKSHIN DINAJPUR,103818,96318,10,200146
42,HARIRAMPUR,1,DAKSHIN DINAJPUR,108885,102402,8,211295
43,HABIBPUR (ST),1,MALDA,120886,117339,5,238230
44,GAZOLE (SC),1,MALDA,129859,125223,3,255085
45,CHANCHAL,1,MALDA,126863,117560,5,244428
46,HARISCHANDRA-PUR,1,MALDA,126029,112818,3,238850
47,MALATIPUR,1,MALDA,113524,99158,9,212691
48,RATUA,1,MALDA,130127,116413,7,246547
49,MANICKCHAK,1,MALDA,124739,111024,2,235765
50,MALDAHA (SC),1,MALDA,117002,114341,5,231348
51,ENGLISH BAZAR,1,MALDA,123959,125171,7,249137
52,MOTHABARI,1,MALDA,86660,82681,6,169347
53,SUJAPUR,1,MALDA,120729,115707,7,236443
54,BAISHNABNAGAR,1,MALDA,121683,112174,8,233865
55,FARAKKA,1,MURSHIDABAD,93170,88485,4,181659
56,SAMSERGANJ,1,MURSHIDABAD,78004,83430,1,161435
57,SUTI,1,MURSHIDABAD,121353,107854,1,229208
58,JANGIPUR,1,MURSHIDABAD,113009,107846,4,220859
59,RAGHUNATHGANJ,1,MURSHIDABAD,103911,96541,0,200452
60,SAGARDIGHI,1,MURSHIDABAD,113465,103508,4,216977
61,LALGOLA,1,MURSHIDABAD,94311,91868,3,186182
62,BHAGABAN GOLA,1,MURSHIDABAD,114659,109958,1,224618
63,RANINAGAR,1,MURSHIDABAD,126493,117894,4,244391
64,MURSHIDABAD,1,MURSHIDABAD,126372,121896,1,248269
65,NABAGRAM (SC),1,MURSHIDABAD,124325,118697,3,243025
66,KHARGRAM (SC),1,MURSHIDABAD,120073,110389,2,230464
67,BURWAN (SC),1,MURSHIDABAD,111612,102386,5,214003
68,KANDI,1,MURSHIDABAD,120346,112675,3,233024
69,BHARATPUR,1,MURSHIDABAD,124672,114508,4,239184
70,REJINAGAR,1,MURSHIDABAD,133771,122490,6,256267
71,BELDANGA,1,MURSHIDABAD,126928,117052,4,243984
72,BAHARAMPUR,1,MURSHIDABAD,118741,122079,10,240830
73,HARIHARPARA,1,MURSHIDABAD,126586,118890,8,245484
74,NOWDA,1,MURSHIDABAD,122837,112898,2,235737
75,DOMKAL,1,MURSHIDABAD,137988,129383,3,267374
76,JALANGI,1,MURSHIDABAD,136138,126647,2,262787
77,KARIMPUR,2,NADIA,130536,122305,3,252844
78,TEHATTA,2,NADIA,131243,121184,4,252431
79,PALASHIPARA,2,NADIA,122063,109553,4,231620
80,KALIGANJ,2,NADIA,121552,110905,3,232460
81,NAKASHIPARA,2,NADIA,115752,102914,3,218669
82,CHAPRA,2,NADIA,123420,108637,0,232057
83,KRISHNANAGAR UTTAR,2,NADIA,109610,106841,5,216456
84,NABADWIP,2,NADIA,118182,111826,3,230011
85,KRISHNANAGAR DAKSHIN,2,NADIA,109405,100374,2,209781
86,SANTIPUR,2,NADIA,118363,109105,9,227477
87,RANAGHAT UTTAR PASCHIM,2,NADIA,119177,113531,8,232716
88,KRISHNAGANJ,2,NADIA,132520,120515,1,253036
89,RANAGHAT UTTAR PURBA,2,NADIA,122368,110022,9,232399
90,RANAGHAT DAKSHIN,2,NADIA,130916,122428,2,253346
91,CHAKDAHA,2,NADIA,115182,108796,3,223981
92,KALYANI,2,NADIA,117783,112699,7,230489
93,HARINGHATA,2,NADIA,116952,108152,5,225109
94,BAGDA,2,NORTH 24 PARGANAS,126236,114747,6,240989
95,BANGAON UTTAR,2,NORTH 24 PARGANAS,116517,109424,21,225962
96,BANGAON DAKSHIN,2,NORTH 24 PARGANAS,117928,110425,6,228359
97,GAIGHATA,2,NORTH 24 PARGANAS,113921,108799,3,222723
98,SWARUPNAGAR,2,NORTH 24 PARGANAS,119447,109516,2,228965
99,BADURIA,2,NORTH 24 PARGANAS,122187,113971,4,236162
100,HABRA,2,NORTH 24 PARGANAS,107658,101156,8,208822
101,ASHOKNAGAR,2,NORTH 24 PARGANAS,117314,112185,7,229506
102,AMDANGA,2,NORTH 24 PARGANAS,115380,105823,4,221207
103,BIJPUR,2,NORTH 24 PARGANAS,80060,78032,4,158096
104,NAIHATI,2,NORTH 24 PARGANAS,85321,85251,9,170581
105,BHATPARA,2,NORTH 24 PARGANAS,61817,55375,3,117195
106,JAGATDAL,2,NORTH 24 PARGANAS,99648,95971,11,195630
107,NOAPARA,2,NORTH 24 PARGANAS,107095,106628,4,213727
108,BARRACKPUR,2,NORTH 24 PARGANAS,86097,84548,1,170646
109,KHARDAHA,2,NORTH 24 PARGANAS,104991,104857,7,209855
110,DUM DUM UTTAR,2,NORTH 24 PARGANAS,118324,122013,4,240341
111,PANIHATI,2,NORTH 24 PARGANAS,93805,95905,4,189714
112,KAMARHATI,2,NORTH 24 PARGANAS,80693,81947,6,162646
113,BARANAGAR,2,NORTH 24 PARGANAS,90690,95847,4,186541
114,DUM DUM,2,NORTH 24 PARGANAS,105629,111908,4,217541
115,RAJARHAT NEW TOWN,2,NORTH 24 PARGANAS,136100,131541,4,267645
116,BIDHANNAGAR,2,NORTH 24 PARGANAS,98891,104979,7,203877
117,RAJARHAT GOPALPUR,2,NORTH 24 PARGANAS,106453,112429,8,218890
118,MADHYAMGRAM,2,NORTH 24 PARGANAS,123863,120618,4,244485
119,BARASAT,2,NORTH 24 PARGANAS,126025,126398,16,252439
120,DEGANGA,2,NORTH 24 PARGANAS,124607,115396,4,240007
121,HAROA,2,NORTH 24 PARGANAS,127503,115892,5,243400
122,MINAKHAN,2,NORTH 24 PARGANAS,119376,102631,4,222011
123,SANDESHKHALI,2,NORTH 24 PARGANAS,117641,105623,5,223269
124,BASIRHAT DAKSHIN,2,NORTH 24 PARGANAS,132772,127583,6,260361
125,BASIRHAT UTTAR,2,NORTH 24 PARGANAS,126777,118608,3,245388
126,HINGALGANJ,2,NORTH 24 PARGANAS,112034,103084,4,215122
127,GOSABA,2,SOUTH 24 PARGANAS,115665,105663,4,221332
128,BASANTI,2,SOUTH 24 PARGANAS,125989,114312,2,240303
129,KULTALI,2,SOUTH 24 PARGANAS,138128,123591,17,261736
130,PATHARPRATIMA,2,SOUTH 24 PARGANAS,135804,121898,2,257704
131,KAKDWIP,2,SOUTH 24 PARGANAS,126170,115546,4,241720
132,SAGAR,2,SOUTH 24 PARGANAS,143904,130199,0,274103
133,KULPI,2,SOUTH 24 PARGANAS,112797,103818,5,216620
134,RAIDIGHI,2,SOUTH 24 PARGANAS,139455,128386,5,267846
135,MANDIRBAZAR,2,SOUTH 24 PARGANAS,115580,106506,4,222090
136,JOYNAGAR,2,SOUTH 24 PARGANAS,118512,108720,6,227238
137,BARUIPUR PURBA,2,SOUTH 24 PARGANAS,126745,118350,11,245106
138,CANNING PASCHIM,2,SOUTH 24 PARGANAS,123786,114439,11,238236
139,CANNING PURBA,2,SOUTH 24 PARGANAS,129566,117083,24,246673
140,BARUIPUR PASCHIM,2,SOUTH 24 PARGANAS,116620,116455,22,233097
141,MAGRAHAT PURBA,2,SOUTH 24 PARGANAS,122770,109817,2,232589
142,MAGRAHAT PASCHIM,2,SOUTH 24 PARGANAS,113942,103074,6,217022
143,DIAMOND HARBOUR,2,SOUTH 24 PARGANAS,125553,119541,3,245097
144,FALTA,2,SOUTH 24 PARGANAS,121300,115135,9,236444
145,SATGACHHIA,2,SOUTH 24 PARGANAS,132022,124220,9,256251
146,BISHNUPUR,2,SOUTH 24 PARGANAS,137741,130512,13,268266
147,SONARPUR DAKSHIN,2,SOUTH 24 PARGANAS,128960,132016,17,260993
148,BHANGAR,2,SOUTH 24 PARGANAS,142681,130016,14,272711
149,KASBA,2,SOUTH 24 PARGANAS,131451,134158,7,265616
150,JADAVPUR,2,SOUTH 24 PARGANAS,124529,136288,4,260821
151,SONARPUR UTTAR,2,SOUTH 24 PARGANAS,135666,137535,18,273219
152,TOLLYGANJ,2,SOUTH 24 PARGANAS,110663,119323,8,229994
153,BEHALA PURBA,2,SOUTH 24 PARGANAS,126011,133735,6,259752
154,BEHALA PASCHIM,2,SOUTH 24 PARGANAS,128607,137562,4,266173
155,MAHESHTALA,2,SOUTH 24 PARGANAS,122964,120390,11,243365
156,BUDGE BUDGE,2,SOUTH 24 PARGANAS,117406,112495,6,229907
157,METIABURUZ,2,SOUTH 24 PARGANAS,100723,88768,3,189494
158,KOLKATA PORT,2,KOLKATA SOUTH,91335,80275,5,171615
159,BHABANIPUR,2,KOLKATA SOUTH,81108,79199,6,160313
160,RASHBEHARI,2,KOLKATA SOUTH,76263,82137,6,158406
161,BALLYGUNGE,2,KOLKATA SOUTH,96205,92627,7,188839
162,CHOWRANGEE,2,KOLKATA NORTH,67355,58989,5,126349
163,ENTALLY,2,KOLKATA NORTH,91760,87109,8,178877
164,BELEGHATA,2,KOLKATA NORTH,97037,93556,6,190599
165,JORASANKO,2,KOLKATA NORTH,65654,57032,0,122686
166,SHYAMPUKUR,2,KOLKATA NORTH,66449,65363,7,131819
167,MANIKTOLA,2,KOLKATA NORTH,83022,82876,8,165906
168,KASHIPUR-BELGACHHIA,2,KOLKATA NORTH,85715,82219,2,167936
169,BALLY,2,HOWRAH,68826,64743,4,133573
170,HOWRAH UTTAR,2,HOWRAH,78911,71029,8,149948
171,HOWRAH MADHYA,2,HOWRAH,109112,105707,2,214821
172,SHIBPUR,2,HOWRAH,96193,98766,4,194963
173,HOWRAH DAKSHIN,2,HOWRAH,121230,119375,2,240607
174,SANKRAIL,2,HOWRAH,123503,116742,7,240252
175,PANCHLA,2,HOWRAH,130039,118455,3,248497
176,ULUBERIA PURBA,2,HOWRAH,111655,106817,9,218481
177,ULUBERIA UTTAR,2,HOWRAH,112157,102511,3,214671
178,ULUBERIA DAKSHIN,2,HOWRAH,122513,114530,14,237057
179,SHYAMPUR,2,HOWRAH,132356,126919,3,259278
180,BAGNAN,2,HOWRAH,117902,112672,4,230578
181,AMTA,2,HOWRAH,132837,124140,5,256982
182,UDAYNARAYANPUR,2,HOWRAH,117276,111815,0,229091
183,JAGATBALLAVPUR,2,HOWRAH,139266,131534,6,270806
184,DOMJUR,2,HOWRAH,136227,133003,6,269236
185,UTTARPARA,2,HOOGHLY,112794,115473,5,228272
186,SREERAMPUR,2,HOOGHLY,104186,101472,4,205662
187,CHAMPDANI,2,HOOGHLY,110910,111032,10,221952
188,SINGUR,2,HOOGHLY,119289,118093,6,237388
189,CHANDANNAGAR,2,HOOGHLY,100183,103262,6,203451
190,CHUNCHURA,2,HOOGHLY,136134,139570,11,275715
191,BALAGARH,2,HOOGHLY,122092,117990,6,240088
192,PANDUA,2,HOOGHLY,124729,124345,7,249081
193,SAPTAGRAM,2,HOOGHLY,106484,103881,5,210370
194,CHANDITALA,2,HOOGHLY,125034,121506,3,246543
195,JANGIPARA,2,HOOGHLY,128123,122942,4,251069
196,HARIPAL,2,HOOGHLY,133319,130853,3,264175
197,DHANEKHALI,2,HOOGHLY,131462,131225,2,262689
198,TARAKESWAR,2,HOOGHLY,118073,117363,5,235441
199,PURSURAH,2,HOOGHLY,132393,127196,1,259590
200,ARAMBAG,2,HOOGHLY,128700,124558,2,253260
201,GOGHAT,2,HOOGHLY,126697,121378,1,248076
202,KHANAKUL,2,HOOGHLY,138468,130098,4,268570
203,TAMLUK,1,PURBO MEDINIPUR,139883,134618,7,274508
204,PANSKURA PURBA,1,PURBO MEDINIPUR,122702,115811,6,238519
205,PANSKURA PASCHIM,1,PURBO MEDINIPUR,143192,135551,1,278744
206,MOYNA,1,PURBO MEDINIPUR,137302,127667,2,264971
207,NANDAKUMAR,1,PURBO MEDINIPUR,136102,128332,3,264437
208,MAHISADAL,1,PURBO MEDINIPUR,129878,123643,2,253523
209,HALDIA (SC),1,PURBO MEDINIPUR,129419,122487,13,251919
210,NANDIGRAM,1,PURBO MEDINIPUR,138934,127480,1,266415
211,CHANDIPUR,1,PURBO MEDINIPUR,132659,123265,0,255924
212,PATASHPUR,1,PURBO MEDINIPUR,128328,118708,1,247037
213,KANTHI UTTAR,1,PURBO MEDINIPUR,136573,127029,0,263602
214,BHAGABANPUR,1,PURBO MEDINIPUR,137073,126700,2,263775
215,KHEJURI (SC),1,PURBO MEDINIPUR,129500,118476,0,247976
216,KANTHI DAKSHIN,1,PURBO MEDINIPUR,115841,112113,0,227954
217,RAMNAGAR,1,PURBO MEDINIPUR,137559,131690,3,269252
218,EGRA,1,PURBO MEDINIPUR,150273,141325,0,291598
219,DANTAN,1,PASCHIM MEDINIPUR,122382,113786,0,236168
220,NAYAGRAM (ST),1,JHARGRAM,116484,110409,1,226894
221,GOPIBALLAVPUR,1,JHARGRAM,115030,112763,0,227793
222,JHARGRAM,1,JHARGRAM,116849,118294,4,235147
223,KESHIARY (ST),1,PASCHIM MEDINIPUR,122435,116334,0,238769
224,KHARAGPUR SADAR,1,PASCHIM MEDINIPUR,88980,91542,8,180530
225,NARAYANGARH,1,PASCHIM MEDINIPUR,122439,116625,0,239064
226,SABANG,1,PASCHIM MEDINIPUR,141833,132549,1,274383
227,PINGLA,1,PASCHIM MEDINIPUR,130604,125287,1,255892
228,KHARAGPUR,1,PASCHIM MEDINIPUR,109810,108328,4,218142
229,DEBRA,1,PASCHIM MEDINIPUR,116447,115448,3,231898
230,DASPUR,1,PASCHIM MEDINIPUR,149903,146142,0,296045
231,GHATAL (SC),1,PASCHIM MEDINIPUR,141189,135380,0,276569
232,CHANDRAKONA (SC),1,PASCHIM MEDINIPUR,145000,137820,0,282820
233,GARBETA,1,PASCHIM MEDINIPUR,119647,113233,1,232881
234,SALBONI,1,PASCHIM MEDINIPUR,140943,138359,2,279304
235,KESHPUR (SC),1,PASCHIM MEDINIPUR,139086,128948,0,268034
236,MEDINIPUR,1,PASCHIM MEDINIPUR,128848,131447,0,260295
237,BINPUR (ST),1,JHARGRAM,110250,110873,2,221125
238,BANDWAN (ST),1,PURULIA,145379,140587,0,285966
239,BALARAMPUR,1,PURULIA,122322,113063,3,235388
240,BAGHMUNDI,1,PURULIA,129747,120906,4,250657
241,JOYPUR,1,PURULIA,132130,121693,2,253825
242,PURULIA,1,PURULIA,128610,123203,3,251816
243,MANBAZAR (ST),1,PURULIA,129457,126002,1,255460
244,KASHIPUR,1,PURULIA,116541,113011,0,229552
245,PARA (SC),1,PURULIA,123039,113081,0,236120
246,RAGHUNATHPUR (SC),1,PURULIA,129612,124410,1,254023
247,SALTORA (SC),1,BANKURA,120047,113128,0,233175
248,CHHATNA,1,BANKURA,124236,117915,0,242151
249,RANIBUNDH (ST),1,BANKURA,128697,125873,0,254570
250,RAIPUR (ST),1,BANKURA,113171,110949,0,224120
251,TALDANGRA,1,BANKURA,120446,115239,0,235685
252,BANKURA,1,BANKURA,130714,130172,0,260886
253,BARJORA,1,BANKURA,128366,123035,1,251402
254,ONDA,1,BANKURA,134404,128004,0,262408
255,BISHNUPUR,1,BANKURA,111531,108753,0,220284
256,KATULPUR (SC),1,BANKURA,129495,124201,1,253697
257,INDUS (SC),1,BANKURA,124899,120368,0,245267
258,SONAMUKHI (SC),1,BANKURA,120586,115184,0,235770
259,KHANDAGHOSH,2,PURBA BARDHAMAN,118049,115630,0,233679
260,BURDWAN DAKSHIN,2,PURBA BARDHAMAN,108647,113310,4,221961
261,RAINA,2,PURBA BARDHAMAN,124871,121186,3,246060
262,JAMALPUR,2,PURBA BARDHAMAN,114250,111213,5,225468
263,MONTESWAR,2,PURBA BARDHAMAN,109788,106971,5,216764
264,KALNA,2,PURBA BARDHAMAN,115511,110854,5,226370
265,MEMARI,2,PURBA BARDHAMAN,120690,118905,6,239601
266,BURDWAN UTTAR,2,PURBA BARDHAMAN,129891,130468,1,260360
267,BHATAR,2,PURBA BARDHAMAN,113735,112907,0,226642
268,PURBASTHALI DAKSHIN,2,PURBA BARDHAMAN,120297,112279,1,232577
269,PURBASTHALI UTTAR,2,PURBA BARDHAMAN,125849,113625,6,239480
270,KATWA,2,PURBA BARDHAMAN,131414,125395,2,256811
271,KETUGRAM,2,PURBA BARDHAMAN,120601,113433,1,234035
272,MONGALKOTE,2,PURBA BARDHAMAN,118847,113135,2,231984
273,AUSGRAM,2,PURBA BARDHAMAN,119363,116644,3,236010
274,GALSI,2,PURBA BARDHAMAN,123314,120638,3,243955
275,PANDABESWAR,1,PASCHIM BARDHAMAN,97444,90945,1,188390
276,DURGAPUR PURBA,1,PASCHIM BARDHAMAN,118400,118726,1,237127
277,DURGAPUR PASCHIM,1,PASCHIM BARDHAMAN,121281,117415,4,238700
278,RANIGANJ,1,PASCHIM BARDHAMAN,110971,105021,2,215994
279,JAMURIA,1,PASCHIM BARDHAMAN,102051,94492,2,196545
280,ASANSOL DAKSHIN,1,PASCHIM BARDHAMAN,122533,116492,5,239030
281,ASANSOL UTTAR,1,PASCHIM BARDHAMAN,120386,116471,1,236858
282,KULTI,1,PASCHIM BARDHAMAN,109712,100837,4,210553
283,BARBANI,1,PASCHIM BARDHAMAN,102600,99295,3,201898
284,DUBRAJPUR (SC),1,BIRBHUM,120292,111210,1,231503
285,SURI,1,BIRBHUM,127171,124900,0,252071
286,BOLPUR,1,BIRBHUM,131040,129064,8,260112
287,NANOOR (SC),1,BIRBHUM,137576,131502,4,269082
288,LABPUR,1,BIRBHUM,120302,114326,2,234630
289,SAINTHIA (SC),1,BIRBHUM,127499,124497,1,251997
290,MAYURESWAR,1,BIRBHUM,113597,112273,4,225874
291,RAMPURHAT,1,BIRBHUM,121631,123527,1,245159
292,HANSAN,1,BIRBHUM,120644,116625,4,237273
293,NALHATI,1,BIRBHUM,118102,113572,7,231681
294,MURARAI,1,BIRBHUM,129432,122571,1,252004
